CUSA00021	WATCH_DOGSâ„˘
CUSA00068	KNACKâ„˘
CUSA00069	Rayman Legends
CUSA00079	Injustice: Gods Among Us Ultimate Edition
CUSA00081	Pinball Arcade
CUSA00083	LEGOÂ® MARVEL Super Heroes
CUSA00304	Trials Fusionâ„˘
CUSA00341	Uncharted 4: A Thiefâ€™s Endâ„˘
CUSA00419	Grand Theft Auto V
CUSA00498	The Witness
CUSA00504	Beyond: Two Souls
CUSA00552	The Last of Usâ„˘ Remastered
CUSA00663	Assassin's CreedÂ® Unity
CUSA00694	Journey
CUSA00744	Minecraft: PlayStationÂ®4 Edition
CUSA00900	Bloodborneâ„˘
CUSA00967	Mortal Kombat X
CUSA01015	YouTube
CUSA01047	Ratchet & Clankâ„˘
CUSA01163	Rocket LeagueÂ®
CUSA01200	STREET FIGHTER V
CUSA01341	DRAGON BALL XENOVERSE
CUSA01347	Assassin's Creed Chronicles: China
CUSA01442	Life Is Strangeâ„˘
CUSA01608	Enter the Gungeon
CUSA01623	God of WarÂ® III Remastered
CUSA01967	Horizon Zero Dawn
CUSA01975	Plants vs Zombies GW2
CUSA02012	Media Player
CUSA02085	DOOM
CUSA02107	LEGOÂ® MARVEL's Avengers
CUSA02299	Marvel's Spider-Man
CUSA02320	Uncharted: The Nathan Drake Collectionâ„˘
CUSA02389	Assassin's CreedÂ® Syndicate
CUSA02411	Kung Fu Panda: Showdown of Legendary Legends
CUSA02420	Darksiders II Deathinitive Edition
CUSA02768	Goat Simulator
CUSA02819	Tom Clancy's Ghost ReconÂ® Wildlands
CUSA02985	LEGOÂ® Worlds
CUSA03285	Twitch
CUSA03349	ABZU
CUSA03448	Fallout 4
CUSA03506	Grand Theft Auto: San Andreas
CUSA03508	Grand Theft Auto 3
CUSA03509	Grand Theft Auto: Vice City
CUSA03962	RESIDENT EVIL 7 biohazard
CUSA04517	F1â„˘ 2016
CUSA04768	South Park: The Stick of Truth
CUSA04885	Resident Evil 4 (HD 2016)
CUSA05223	HBO NOW
CUSA05347	Darksiders Warmastered Edition
CUSA05625	Assassin's CreedÂ® Origins
CUSA06400	MARVEL VS. CAPCOM: INFINITE
CUSA07104	RESIDENT EVILâ„˘ CODE: Veronica X
CUSA07326	Horizon Zero Dawn: Complete Edition (The Frozen Wilds)
CUSA07402	Crash Bandicoot N. Sane Trilogy
CUSA07408	God of War
CUSA07820	The Last of Usâ„˘ Part II
CUSA08038	FIFA 18
CUSA08282	PRO EVOLUTION SOCCER 2018
CUSA08966	DAYS GONE
CUSA09072	DRAGON BALL FighterZ
CUSA09209	The Simsâ„˘ 4
CUSA10090	PRO EVOLUTION SOCCER 2018 LITE
CUSA10483	Unravel TWO
CUSA12358	DRAGON BALL XENOVERSE 2 Lite
CUSA14034	PRO EVOLUTION SOCCER 2019 LITE
CUSA14204	EA SPORTSâ„˘ UFCÂ® 4
CUSA14655	DRAGON BALL Z: KAKAROT
CUSA15024	CONTRA: ROGUE CORPS
CUSA15607	Disney+
CUSA17965	eFootball PES 2020 LITE
CUSA24659	Yu-Gi-Oh! Master Duel
CUSA24705	Horizon Forbidden West
CUSA28107	Star+
CUSA34384	God of War RagnarĂ¶k
CUSA45923	Pool Blitz
